Id,Name,AccountNumber
001g800000huVtBAAU,Edge Communications,CD451796
001g800000huVtCAAU,Burlington Textiles Corp of America,CD656092
001g800000huVtDAAU,Pyramid Construction Inc.,CC213425
001g800000huVtEAAU,Dickenson plc,CC634267
001g800000huVtFAAU,Grand Hotels & Resorts Ltd,CD439877
001g800000huVtGAAU,United Oil & Gas Corp.,CD355118
001g800000huVtHAAU,Express Logistics and Transport,CC947211
001g800000huVtIAAU,University of Arizona,CD736025
001g800000huVtJAAU,"United Oil & Gas, UK",CD355119-A
001g800000huVtKAAU,"United Oil & Gas, Singapore",CD355120-B
001g800000huVtLAAU,GenePoint,CC978213
001g800000huVtMAAU,sForce,
001g800000huVtNAAU,Sample Account for Entitlements,
001g800000keu0zAAA,Acme Analytics,RR-0001
001g800000keu10AAA,Burlington Analytics,RR-0002
001g800000keu11AAA,CloudNova Analytics,RR-0003
001g800000keu12AAA,DeltaPay Analytics,RR-0004
001g800000keu13AAA,Evergreen Analytics,RR-0005
001g800000keu14AAA,FinEdge Analytics,RR-0006
001g800000keu15AAA,GlobeWorks Analytics,RR-0007
001g800000keu16AAA,HelioSoft Analytics,RR-0008
001g800000keu17AAA,IronBridge Analytics,RR-0009
001g800000keu18AAA,Jupiter Analytics,RR-0010
001g800000keu19AAA,Keystone Analytics,RR-0011
001g800000keu1AAAQ,Luma Analytics,RR-0012
001g800000keu1BAAQ,MetroGrid Analytics,RR-0013
001g800000keu1CAAQ,Northstar Analytics,RR-0014
001g800000keu1DAAQ,Orchid Analytics,RR-0015
001g800000keu1EAAQ,Prairie Analytics,RR-0016
001g800000keu1FAAQ,Quantum Analytics,RR-0017
001g800000keu1GAAQ,Riverbend Analytics,RR-0018
001g800000keu1HAAQ,Summit Analytics,RR-0019
001g800000keu1IAAQ,TerraFleet Analytics,RR-0020
001g800000keu1JAAQ,Acme Systems,RR-0021
001g800000keu1KAAQ,Burlington Systems,RR-0022
001g800000keu1LAAQ,CloudNova Systems,RR-0023
001g800000keu1MAAQ,DeltaPay Systems,RR-0024
001g800000keu1NAAQ,Evergreen Systems,RR-0025
001g800000keu1OAAQ,FinEdge Systems,RR-0026
001g800000keu1PAAQ,GlobeWorks Systems,RR-0027
001g800000keu1QAAQ,HelioSoft Systems,RR-0028
001g800000keu1RAAQ,IronBridge Systems,RR-0029
001g800000keu1SAAQ,Jupiter Systems,RR-0030
001g800000keu1TAAQ,Keystone Systems,RR-0031
001g800000keu1UAAQ,Luma Systems,RR-0032
001g800000keu1VAAQ,MetroGrid Systems,RR-0033
001g800000keu1WAAQ,Northstar Systems,RR-0034
001g800000keu1XAAQ,Orchid Systems,RR-0035
001g800000keu1YAAQ,Prairie Systems,RR-0036
001g800000keu1ZAAQ,Quantum Systems,RR-0037
001g800000keu1aAAA,Riverbend Systems,RR-0038
001g800000keu1bAAA,Summit Systems,RR-0039
001g800000keu1cAAA,TerraFleet Systems,RR-0040
001g800000keu1dAAA,Acme Health,RR-0041
001g800000keu1eAAA,Burlington Health,RR-0042
001g800000keu1fAAA,CloudNova Health,RR-0043
001g800000keu1gAAA,DeltaPay Health,RR-0044
001g800000keu1hAAA,Evergreen Health,RR-0045
001g800000keu1iAAA,FinEdge Health,RR-0046
001g800000keu1jAAA,GlobeWorks Health,RR-0047
001g800000keu1kAAA,HelioSoft Health,RR-0048
001g800000keu1lAAA,IronBridge Health,RR-0049
001g800000keu1mAAA,Jupiter Health,RR-0050
001g800000keu1nAAA,Keystone Health,RR-0051
001g800000keu1oAAA,Luma Health,RR-0052
001g800000keu1pAAA,MetroGrid Health,RR-0053
001g800000keu1qAAA,Northstar Health,RR-0054
001g800000keu1rAAA,Orchid Health,RR-0055
001g800000keu1sAAA,Prairie Health,RR-0056
001g800000keu1tAAA,Quantum Health,RR-0057
001g800000keu1uAAA,Riverbend Health,RR-0058
001g800000keu1vAAA,Summit Health,RR-0059
001g800000keu1wAAA,TerraFleet Health,RR-0060
